Time,dt,TruckPawn-LocationX,TruckPawn-LocationY,TruckPawn-LocationZ,TruckPawn-ForwardDirX,TruckPawn-ForwardDirY,TruckPawn-ForwardDirZ,TruckPawn-Speed,TruckPawn-Throttle,TruckPawn-Brake,TruckPawn-Steering,TruckPawn-Gear,TruckPawn-EngineRPM
2025-02-07 15:14:54.894,0.011111,-6088.0,-1697.0,92.0001,-1.0,0.0,0.0,0.0,0.0,0.0,0.0,0.0,0.0
2025-02-07 15:14:54.931,0.011111,-6088.0,-1697.0,91.879126,-1.0,0.0,0.0,0.0,0.0,0.0,0.0,0.0,0.0
2025-02-07 15:14:55.026,0.011111,-6088.0,-1697.0,91.637191,-1.0,0.0,0.0,0.0,0.0,0.0,0.0,0.0,600.000061
2025-02-07 15:14:55.060,0.011111,-6088.0,-1697.0,91.274309,-1.0,0.0,0.0,0.0,0.0,0.0,0.0,0.0,600.000061
2025-02-07 15:14:55.081,0.011111,-6088.0,-1697.0,90.790492,-1.0,0.0,0.0,0.0,0.0,0.0,0.0,0.0,600.000061
2025-02-07 15:14:55.094,0.011111,-6088.0,-1697.0,90.185756,-1.0,0.0,0.0,0.0,0.0,0.0,0.0,0.0,600.000061
2025-02-07 15:14:55.105,0.011111,-6088.0,-1697.0,89.460112,-1.0,0.0,0.0,0.0,0.0,0.0,0.0,0.0,600.000061
2025-02-07 15:14:55.117,0.011111,-6088.0,-1697.0,88.613575,-1.0,0.0,0.0,0.0,0.0,0.0,0.0,0.0,600.000061
2025-02-07 15:14:55.128,0.011111,-6088.0,-1697.0,87.646158,-1.0,0.0,0.0,0.0,0.0,0.0,0.0,0.0,600.000061
2025-02-07 15:14:55.140,0.011111,-6088.0,-1697.0,86.557874,-1.0,0.0,0.0,0.0,0.0,0.0,0.0,0.0,600.000061
2025-02-07 15:14:55.151,0.011111,-6088.0,-1697.0,85.348737,-1.0,0.0,0.0,0.0,0.0,0.0,0.0,0.0,600.000061
2025-02-07 15:14:55.162,0.011111,-6088.0,-1697.0,84.01876,-1.0,0.0,0.0,0.0,0.0,0.0,0.0,0.0,600.000061
2025-02-07 15:14:55.173,0.011111,-6088.0,-1697.0,82.567956,-1.0,0.0,0.0,0.0,0.0,0.0,0.0,0.0,600.000061
2025-02-07 15:14:55.184,0.011111,-6088.0,-1697.0,80.99634,-1.0,0.0,0.0,0.0,0.0,0.0,0.0,0.0,600.000061
2025-02-07 15:14:55.195,0.011111,-6088.0,-1697.0,79.303924,-1.0,0.0,0.0,0.0,0.0,0.0,0.0,0.0,600.000061
2025-02-07 15:14:55.206,0.011111,-6088.0,-1697.0,77.490721,-1.0,0.0,0.0,0.0,0.0,0.0,0.0,0.0,600.000061
2025-02-07 15:14:55.217,0.011111,-6088.0,-1697.0,75.556746,-1.0,0.0,0.0,0.0,0.0,0.0,0.0,0.0,600.000061
2025-02-07 15:14:55.229,0.011111,-6088.0,-1697.0,73.502012,-1.0,0.0,0.0,0.0,0.0,0.0,0.0,0.0,600.000061
2025-02-07 15:14:55.239,0.011111,-6088.0,-1697.0,71.326532,-1.0,0.0,0.0,0.0,0.0,0.0,0.0,0.0,600.000061
2025-02-07 15:14:55.251,0.011111,-6088.0,-1697.0,69.030319,-1.0,0.0,0.0,0.0,0.0,0.0,0.0,0.0,600.000061
2025-02-07 15:14:55.262,0.011111,-6088.0,-1697.0,66.613387,-1.0,0.0,0.0,0.0,0.0,0.0,0.0,0.0,600.000061
2025-02-07 15:14:55.273,0.011111,-6088.0,-1697.0,64.07575,-1.0,0.0,0.0,0.0,0.0,0.0,0.0,0.0,600.000061
2025-02-07 15:14:55.284,0.011111,-6088.0,-1697.0,61.41742,-1.0,0.0,0.0,0.0,0.0,0.0,0.0,0.0,600.000061
2025-02-07 15:14:55.295,0.011111,-6088.0,-1697.0,58.638412,-1.0,0.0,0.0,0.0,0.0,0.0,0.0,0.0,600.000061
2025-02-07 15:14:55.306,0.011111,-6088.0,-1697.0,55.738738,-1.0,0.0,0.0,0.0,0.0,0.0,0.0,0.0,600.000061
2025-02-07 15:14:55.317,0.011111,-6088.0,-1697.0,52.718412,-1.0,0.0,0.0,0.0,0.0,0.0,0.0,0.0,600.000061
2025-02-07 15:14:55.328,0.011111,-6088.0,-1697.0,49.577447,-1.0,0.0,0.0,0.0,0.0,0.0,0.0,0.0,600.000061
2025-02-07 15:14:55.339,0.011111,-6088.0,-1697.0,46.315858,-1.0,0.0,0.0,0.0,0.0,0.0,0.0,0.0,600.000061
2025-02-07 15:14:55.350,0.011111,-6088.0,-1697.0,42.933656,-1.0,0.0,0.0,0.0,0.0,0.0,0.0,0.0,600.000061
2025-02-07 15:14:55.362,0.011111,-6088.0,-1697.0,39.430856,-1.0,0.0,0.0,0.0,0.0,0.0,0.0,0.0,600.000061
2025-02-07 15:14:55.373,0.011111,-6088.0,-1697.0,35.807471,-1.0,0.0,0.0,0.0,0.0,0.0,0.0,0.0,600.000061
2025-02-07 15:14:55.384,0.011111,-6088.0,-1697.0,32.063515,-1.0,0.0,0.0,0.0,0.0,0.0,0.0,0.0,600.000061
2025-02-07 15:14:55.395,0.011111,-6088.0,-1697.0,28.199,-1.0,0.0,0.0,0.0,0.0,0.0,0.0,0.0,600.000061
2025-02-07 15:14:55.406,0.011111,-6088.0,-1697.0,24.21394,-1.0,0.0,0.0,0.0,0.0,0.0,0.0,0.0,600.000061
2025-02-07 15:14:55.417,0.011111,-6088.0,-1697.0,20.108349,-1.0,0.0,0.0,0.0,0.0,0.0,0.0,0.0,600.000061
2025-02-07 15:14:55.429,0.011111,-6088.0,-1697.0,15.88224,-1.0,0.0,0.0,0.0,0.0,0.0,0.0,0.0,600.000061
2025-02-07 15:14:55.440,0.011111,-6088.0,-1697.0,11.535626,-1.0,0.0,0.0,0.0,0.0,0.0,0.0,0.0,600.000061
2025-02-07 15:14:55.451,0.011111,-6088.001246,-1696.999944,7.07388,-1.0,0.0,0.000012,0.0,0.0,0.0,0.0,0.0,600.000061
2025-02-07 15:14:55.462,0.011111,-6088.002805,-1696.999888,2.503717,-1.0,0.0,0.000025,-0.00018,0.0,0.0,0.0,0.0,600.000061
2025-02-07 15:14:55.474,0.011111,-6088.004614,-1696.999835,-2.172371,-1.0,0.0,0.000037,0.00063,0.0,0.0,0.0,0.0,600.000061
2025-02-07 15:14:55.484,0.011111,-6088.181084,-1697.000025,-6.200653,-0.999998,0.000003,0.001793,0.001441,0.0,0.0,0.0,0.0,600.000061
2025-02-07 15:14:55.495,0.011111,-6088.695135,-1696.999936,-7.692843,-0.999976,0.000009,0.006922,-0.008399,0.0,0.0,0.0,0.0,600.000061
2025-02-07 15:14:55.506,0.011111,-6088.723192,-1696.998779,-7.598051,-0.999974,0.000008,0.007187,0.007293,0.0,0.0,0.0,0.0,600.000061
2025-02-07 15:14:55.518,0.011111,-6088.735807,-1696.998065,-7.559849,-0.999973,0.000006,0.007296,0.007008,0.0,0.0,0.0,0.0,600.000061
2025-02-07 15:14:55.529,0.011111,-6088.732884,-1696.997576,-7.577736,-0.999974,0.000006,0.007245,0.006713,0.0,0.0,0.0,0.0,600.000061
2025-02-07 15:14:55.540,0.011111,-6088.713813,-1696.997234,-7.651676,-0.999975,0.000005,0.007037,0.00639,0.0,0.0,0.0,0.0,600.000061
2025-02-07 15:14:55.551,0.011111,-6088.703558,-1696.997015,-7.693004,-0.999976,0.000005,0.006919,0.004123,0.0,0.0,0.0,0.0,600.000061
2025-02-07 15:14:55.562,0.011111,-6088.704732,-1696.996803,-7.692994,-0.999976,0.000005,0.006919,0.004807,0.0,0.0,0.0,0.0,600.000061
2025-02-07 15:14:55.573,0.011111,-6088.705598,-1696.996584,-7.692996,-0.999976,0.000005,0.006919,0.003807,0.0,0.0,0.0,0.0,600.000061
2025-02-07 15:14:55.584,0.011111,-6088.706156,-1696.996364,-7.692998,-0.999976,0.000005,0.006919,0.002807,0.0,0.0,0.0,0.0,600.000061
2025-02-07 15:14:55.595,0.011111,-6088.70649,-1696.996145,-7.693,-0.999976,0.000005,0.006919,0.001806,0.0,0.0,0.0,0.0,600.000061
2025-02-07 15:14:55.606,0.011111,-6088.706691,-1696.995926,-7.693001,-0.999976,0.000005,0.006919,0.001084,0.0,0.0,0.0,0.0,600.000061
2025-02-07 15:14:55.617,0.011111,-6088.706811,-1696.995707,-7.693001,-0.999976,0.000005,0.006919,0.00065,0.0,0.0,0.0,0.0,600.000061
2025-02-07 15:14:55.628,0.011111,-6088.706883,-1696.995487,-7.693002,-0.999976,0.000005,0.006919,0.00039,0.0,0.0,0.0,0.0,600.000061
2025-02-07 15:14:55.639,0.011111,-6088.706927,-1696.995268,-7.693002,-0.999976,0.000005,0.006919,0.000234,0.0,0.0,0.0,0.0,600.000061
2025-02-07 15:14:55.650,0.011111,-6088.706953,-1696.995049,-7.693002,-0.999976,0.000005,0.006919,0.00014,0.0,0.0,0.0,0.0,600.000061
2025-02-07 15:14:55.661,0.011111,-6088.706968,-1696.99483,-7.693002,-0.999976,0.000005,0.006919,0.000084,0.0,0.0,0.0,0.0,600.000061
2025-02-07 15:14:55.673,0.011111,-6088.706978,-1696.99461,-7.693002,-0.999976,0.000005,0.006919,0.000051,0.0,0.0,0.0,0.0,600.000061
2025-02-07 15:14:55.683,0.011111,-6088.706978,-1696.99461,-7.693002,-0.999976,0.000005,0.006919,0.00003,0.0,0.0,0.0,0.0,600.000061
2025-02-07 15:14:55.695,0.011111,-6088.706978,-1696.99461,-7.693002,-0.999976,0.000005,0.006919,0.0,0.0,0.0,0.0,0.0,600.000061
2025-02-07 15:14:55.706,0.011111,-6088.706978,-1696.99461,-7.693002,-0.999976,0.000005,0.006919,0.0,0.0,0.0,0.0,0.0,600.000061
2025-02-07 15:14:55.718,0.011111,-6088.706978,-1696.99461,-7.693002,-0.999976,0.000005,0.006919,0.0,0.0,0.0,0.0,0.0,600.000061
2025-02-07 15:14:55.729,0.011111,-6088.706978,-1696.99461,-7.693002,-0.999976,0.000005,0.006919,0.0,0.0,0.0,0.0,0.0,600.000061
2025-02-07 15:14:55.740,0.011111,-6088.706978,-1696.99461,-7.693002,-0.999976,0.000005,0.006919,0.0,0.0,0.0,0.0,0.0,600.000061
2025-02-07 15:14:55.751,0.011111,-6088.706978,-1696.99461,-7.693002,-0.999976,0.000005,0.006919,0.0,0.0,0.0,0.0,0.0,600.000061
2025-02-07 15:14:55.762,0.011111,-6088.706978,-1696.99461,-7.693002,-0.999976,0.000005,0.006919,0.0,0.0,0.0,0.0,0.0,600.000061
2025-02-07 15:14:55.773,0.011111,-6088.706978,-1696.99461,-7.693002,-0.999976,0.000005,0.006919,0.0,0.0,0.0,0.0,0.0,600.000061
2025-02-07 15:14:55.784,0.011111,-6088.706978,-1696.99461,-7.693002,-0.999976,0.000005,0.006919,0.0,0.0,0.0,0.0,0.0,600.000061
2025-02-07 15:14:55.795,0.011111,-6088.706978,-1696.99461,-7.693002,-0.999976,0.000005,0.006919,0.0,0.0,0.0,0.0,0.0,600.000061
2025-02-07 15:14:55.806,0.011111,-6088.706978,-1696.99461,-7.693002,-0.999976,0.000005,0.006919,0.0,0.0,0.0,0.0,0.0,600.000061
2025-02-07 15:14:55.817,0.011111,-6088.706978,-1696.99461,-7.693002,-0.999976,0.000005,0.006919,0.0,0.0,0.0,0.0,0.0,600.000061
2025-02-07 15:14:55.829,0.011111,-6088.706978,-1696.99461,-7.693002,-0.999976,0.000005,0.006919,0.0,0.0,0.0,0.0,0.0,600.000061
2025-02-07 15:14:55.839,0.011111,-6088.706978,-1696.99461,-7.693002,-0.999976,0.000005,0.006919,0.0,0.0,0.0,0.0,0.0,600.000061
2025-02-07 15:14:55.850,0.011111,-6088.706978,-1696.99461,-7.693002,-0.999976,0.000005,0.006919,0.0,0.0,0.0,0.0,0.0,600.000061
2025-02-07 15:14:55.862,0.011111,-6088.706978,-1696.99461,-7.693002,-0.999976,0.000005,0.006919,0.0,0.0,0.0,0.0,0.0,600.000061
2025-02-07 15:14:55.873,0.011111,-6088.706978,-1696.99461,-7.693002,-0.999976,0.000005,0.006919,0.0,0.0,0.0,0.0,0.0,600.000061
2025-02-07 15:14:55.884,0.011111,-6088.706978,-1696.99461,-7.693002,-0.999976,0.000005,0.006919,0.0,0.0,0.0,0.0,0.0,600.000061
2025-02-07 15:14:55.895,0.011111,-6088.706978,-1696.99461,-7.693002,-0.999976,0.000005,0.006919,0.0,0.0,0.0,0.0,0.0,600.000061
2025-02-07 15:14:55.906,0.011111,-6088.706978,-1696.99461,-7.693002,-0.999976,0.000005,0.006919,0.0,0.0,0.0,0.0,0.0,600.000061
2025-02-07 15:14:55.917,0.011111,-6088.706978,-1696.99461,-7.693002,-0.999976,0.000005,0.006919,0.0,0.0,0.0,0.0,0.0,600.000061
2025-02-07 15:14:55.928,0.011111,-6088.706978,-1696.99461,-7.693002,-0.999976,0.000005,0.006919,0.0,0.0,0.0,0.0,0.0,600.000061
2025-02-07 15:14:55.939,0.011111,-6088.706978,-1696.99461,-7.693002,-0.999976,0.000005,0.006919,0.0,0.0,0.0,0.0,0.0,600.000061
2025-02-07 15:14:55.950,0.011111,-6088.706978,-1696.99461,-7.693002,-0.999976,0.000005,0.006919,0.0,0.0,0.0,0.0,0.0,600.000061
2025-02-07 15:14:55.961,0.011111,-6088.706978,-1696.99461,-7.693002,-0.999976,0.000005,0.006919,0.0,0.0,0.0,0.0,0.0,600.000061
2025-02-07 15:14:55.972,0.011111,-6088.706978,-1696.99461,-7.693002,-0.999976,0.000005,0.006919,0.0,0.0,0.0,0.0,0.0,600.000061
2025-02-07 15:14:55.983,0.011111,-6088.706978,-1696.99461,-7.693002,-0.999976,0.000005,0.006919,0.0,0.0,0.0,0.0,0.0,600.000061
2025-02-07 15:14:55.994,0.011111,-6088.706978,-1696.99461,-7.693002,-0.999976,0.000005,0.006919,0.0,0.0,0.0,0.0,0.0,600.000061
2025-02-07 15:14:56.006,0.011111,-6088.706978,-1696.99461,-7.693002,-0.999976,0.000005,0.006919,0.0,0.0,0.0,0.0,0.0,600.000061
2025-02-07 15:14:56.018,0.011111,-6088.706978,-1696.99461,-7.693002,-0.999976,0.000005,0.006919,0.0,0.0,0.0,0.0,0.0,600.000061
2025-02-07 15:14:56.029,0.011111,-6088.706978,-1696.99461,-7.693002,-0.999976,0.000005,0.006919,0.0,0.0,0.0,0.0,0.0,600.000061
2025-02-07 15:14:56.040,0.011111,-6088.706978,-1696.99461,-7.693002,-0.999976,0.000005,0.006919,0.0,0.0,0.0,0.0,0.0,600.000061
2025-02-07 15:14:56.051,0.011111,-6088.706978,-1696.99461,-7.693002,-0.999976,0.000005,0.006919,0.0,0.0,0.0,0.0,0.0,600.000061
2025-02-07 15:14:56.062,0.011111,-6088.706978,-1696.99461,-7.693002,-0.999976,0.000005,0.006919,0.0,0.0,0.0,0.0,0.0,600.000061
2025-02-07 15:14:56.073,0.011111,-6088.706978,-1696.99461,-7.693002,-0.999976,0.000005,0.006919,0.0,0.0,0.0,0.0,0.0,600.000061
2025-02-07 15:14:56.084,0.011111,-6088.706978,-1696.99461,-7.693002,-0.999976,0.000005,0.006919,0.0,0.0,0.0,0.0,0.0,600.000061
2025-02-07 15:14:56.095,0.011111,-6088.706978,-1696.99461,-7.693002,-0.999976,0.000005,0.006919,0.0,0.0,0.0,0.0,0.0,600.000061
2025-02-07 15:14:56.106,0.011111,-6088.706978,-1696.99461,-7.693002,-0.999976,0.000005,0.006919,0.0,0.0,0.0,0.0,0.0,600.000061
2025-02-07 15:14:56.117,0.011111,-6088.706978,-1696.99461,-7.693002,-0.999976,0.000005,0.006919,0.0,0.0,0.0,0.0,0.0,600.000061
2025-02-07 15:14:56.128,0.011111,-6088.706978,-1696.99461,-7.693002,-0.999976,0.000005,0.006919,0.0,0.0,0.0,0.0,0.0,600.000061
2025-02-07 15:14:56.139,0.011111,-6088.706978,-1696.99461,-7.693002,-0.999976,0.000005,0.006919,0.0,0.0,0.0,0.0,0.0,600.000061
2025-02-07 15:14:56.150,0.011111,-6088.706978,-1696.99461,-7.693002,-0.999976,0.000005,0.006919,0.0,0.0,0.0,0.0,0.0,600.000061
2025-02-07 15:14:56.161,0.011111,-6088.706978,-1696.99461,-7.693002,-0.999976,0.000005,0.006919,0.0,0.0,0.0,0.0,0.0,600.000061
2025-02-07 15:14:56.173,0.011111,-6088.706978,-1696.99461,-7.693002,-0.999976,0.000005,0.006919,0.0,0.0,0.0,0.0,0.0,600.000061
2025-02-07 15:14:56.184,0.011111,-6088.706978,-1696.99461,-7.693002,-0.999976,0.000005,0.006919,0.0,0.0,0.0,0.0,0.0,600.000061
2025-02-07 15:14:56.195,0.011111,-6088.706978,-1696.99461,-7.693002,-0.999976,0.000005,0.006919,0.0,0.0,0.0,0.0,0.0,600.000061
2025-02-07 15:14:56.206,0.011111,-6088.706978,-1696.99461,-7.693002,-0.999976,0.000005,0.006919,0.0,0.0,0.0,0.0,0.0,600.000061
2025-02-07 15:14:56.217,0.011111,-6088.706978,-1696.99461,-7.693002,-0.999976,0.000005,0.006919,0.0,0.0,0.0,0.0,0.0,600.000061
2025-02-07 15:14:56.228,0.011111,-6088.706978,-1696.99461,-7.693002,-0.999976,0.000005,0.006919,0.0,0.0,0.0,0.0,0.0,600.000061
2025-02-07 15:14:56.239,0.011111,-6088.706978,-1696.99461,-7.693002,-0.999976,0.000005,0.006919,0.0,0.0,0.0,0.0,0.0,600.000061
2025-02-07 15:14:56.250,0.011111,-6088.706978,-1696.99461,-7.693002,-0.999976,0.000005,0.006919,0.0,0.0,0.0,0.0,0.0,600.000061
2025-02-07 15:14:56.261,0.011111,-6088.706978,-1696.99461,-7.693002,-0.999976,0.000005,0.006919,0.0,0.0,0.0,0.0,0.0,600.000061
2025-02-07 15:14:56.272,0.011111,-6088.706978,-1696.99461,-7.693002,-0.999976,0.000005,0.006919,0.0,0.0,0.0,0.0,0.0,600.000061
2025-02-07 15:14:56.283,0.011111,-6088.706978,-1696.99461,-7.693002,-0.999976,0.000005,0.006919,0.0,0.0,0.0,0.0,0.0,600.000061
2025-02-07 15:14:56.295,0.011111,-6088.706978,-1696.99461,-7.693002,-0.999976,0.000005,0.006919,0.0,0.0,0.0,0.0,0.0,600.000061
2025-02-07 15:14:56.306,0.011111,-6088.706978,-1696.99461,-7.693002,-0.999976,0.000005,0.006919,0.0,0.0,0.0,0.0,0.0,600.000061
2025-02-07 15:14:56.318,0.011111,-6088.706978,-1696.99461,-7.693002,-0.999976,0.000005,0.006919,0.0,0.0,0.0,0.0,0.0,600.000061
2025-02-07 15:14:56.329,0.011111,-6088.706978,-1696.99461,-7.693002,-0.999976,0.000005,0.006919,0.0,0.0,0.0,0.0,0.0,600.000061
2025-02-07 15:14:56.340,0.011111,-6088.706978,-1696.99461,-7.693002,-0.999976,0.000005,0.006919,0.0,0.0,0.0,0.0,0.0,600.000061
2025-02-07 15:14:56.351,0.011111,-6088.706978,-1696.99461,-7.693002,-0.999976,0.000005,0.006919,0.0,0.0,0.0,0.0,0.0,600.000061
2025-02-07 15:14:56.362,0.011111,-6088.706978,-1696.99461,-7.693002,-0.999976,0.000005,0.006919,0.0,0.0,0.0,0.0,0.0,600.000061
2025-02-07 15:14:56.373,0.011111,-6088.706978,-1696.99461,-7.693002,-0.999976,0.000005,0.006919,0.0,0.0,0.0,0.0,0.0,600.000061
2025-02-07 15:14:56.384,0.011111,-6088.706978,-1696.99461,-7.693002,-0.999976,0.000005,0.006919,0.0,0.0,0.0,0.0,0.0,600.000061
2025-02-07 15:14:56.395,0.011111,-6088.706978,-1696.99461,-7.693002,-0.999976,0.000005,0.006919,0.0,0.0,0.0,0.0,0.0,600.000061
2025-02-07 15:14:56.406,0.011111,-6088.706978,-1696.99461,-7.693002,-0.999976,0.000005,0.006919,0.0,0.0,0.0,0.0,0.0,600.000061
2025-02-07 15:14:56.417,0.011111,-6088.706978,-1696.99461,-7.693002,-0.999976,0.000005,0.006919,0.0,0.0,0.0,0.0,0.0,600.000061
2025-02-07 15:14:56.428,0.011111,-6088.706978,-1696.99461,-7.693002,-0.999976,0.000005,0.006919,0.0,0.0,0.0,0.0,0.0,600.000061
2025-02-07 15:14:56.439,0.011111,-6088.706978,-1696.99461,-7.693002,-0.999976,0.000005,0.006919,0.0,0.0,0.0,0.0,0.0,600.000061
2025-02-07 15:14:56.451,0.011111,-6088.706978,-1696.99461,-7.693002,-0.999976,0.000005,0.006919,0.0,0.0,0.0,0.0,0.0,600.000061
2025-02-07 15:14:56.462,0.011111,-6088.706978,-1696.99461,-7.693002,-0.999976,0.000005,0.006919,0.0,0.0,0.0,0.0,0.0,600.000061
2025-02-07 15:14:56.473,0.011111,-6088.706978,-1696.99461,-7.693002,-0.999976,0.000005,0.006919,0.0,0.0,0.0,0.0,0.0,600.000061
2025-02-07 15:14:56.484,0.011111,-6088.706978,-1696.99461,-7.693002,-0.999976,0.000005,0.006919,0.0,0.0,0.0,0.0,0.0,600.000061
2025-02-07 15:14:56.495,0.011111,-6088.706978,-1696.99461,-7.693002,-0.999976,0.000005,0.006919,0.0,0.0,0.0,0.0,0.0,600.000061
2025-02-07 15:14:56.506,0.011111,-6088.706978,-1696.99461,-7.693002,-0.999976,0.000005,0.006919,0.0,0.0,0.0,0.0,0.0,600.000061
2025-02-07 15:14:56.517,0.011111,-6088.706978,-1696.99461,-7.693002,-0.999976,0.000005,0.006919,0.0,0.0,0.0,0.0,0.0,600.000061
2025-02-07 15:14:56.529,0.011111,-6088.706978,-1696.99461,-7.693002,-0.999976,0.000005,0.006919,0.0,0.0,0.0,0.0,0.0,600.000061
2025-02-07 15:14:56.539,0.011111,-6088.706978,-1696.99461,-7.693002,-0.999976,0.000005,0.006919,0.0,0.0,0.0,0.0,0.0,600.000061
2025-02-07 15:14:56.551,0.011111,-6088.706978,-1696.99461,-7.693002,-0.999976,0.000005,0.006919,0.0,0.0,0.0,0.0,0.0,600.000061
2025-02-07 15:14:56.562,0.011111,-6088.706978,-1696.99461,-7.693002,-0.999976,0.000005,0.006919,0.0,0.0,0.0,0.0,0.0,600.000061
2025-02-07 15:14:56.573,0.011111,-6088.706978,-1696.99461,-7.693002,-0.999976,0.000005,0.006919,0.0,0.0,0.0,0.0,0.0,600.000061
2025-02-07 15:14:56.584,0.011111,-6088.706978,-1696.99461,-7.693002,-0.999976,0.000005,0.006919,0.0,0.0,0.0,0.0,0.0,600.000061
2025-02-07 15:14:56.595,0.011111,-6088.706978,-1696.99461,-7.693002,-0.999976,0.000005,0.006919,0.0,0.0,0.0,0.0,0.0,600.000061
2025-02-07 15:14:56.606,0.011111,-6088.706978,-1696.99461,-7.693002,-0.999976,0.000005,0.006919,0.0,0.0,0.0,0.0,0.0,600.000061
2025-02-07 15:14:56.617,0.011111,-6088.706978,-1696.99461,-7.693002,-0.999976,0.000005,0.006919,0.0,0.0,0.0,0.0,0.0,600.000061
2025-02-07 15:14:56.628,0.011111,-6088.706978,-1696.99461,-7.693002,-0.999976,0.000005,0.006919,0.0,0.0,0.0,0.0,0.0,600.000061
2025-02-07 15:14:56.640,0.011111,-6088.706978,-1696.99461,-7.693002,-0.999976,0.000005,0.006919,0.0,0.0,0.0,0.0,0.0,600.000061
2025-02-07 15:14:56.650,0.011111,-6088.706978,-1696.99461,-7.693002,-0.999976,0.000005,0.006919,0.0,0.0,0.0,0.0,0.0,600.000061
2025-02-07 15:14:56.661,0.011111,-6088.706978,-1696.99461,-7.693002,-0.999976,0.000005,0.006919,0.0,0.0,0.0,0.0,0.0,600.000061
2025-02-07 15:14:56.672,0.011111,-6088.706978,-1696.99461,-7.693002,-0.999976,0.000005,0.006919,0.0,0.0,0.0,0.0,0.0,600.000061
2025-02-07 15:14:56.684,0.011111,-6088.706978,-1696.99461,-7.693002,-0.999976,0.000005,0.006919,0.0,0.0,0.0,0.0,0.0,600.000061
2025-02-07 15:14:56.695,0.011111,-6088.706978,-1696.99461,-7.693002,-0.999976,0.000005,0.006919,0.0,0.0,0.0,0.0,0.0,600.000061
2025-02-07 15:14:56.706,0.011111,-6088.706978,-1696.99461,-7.693002,-0.999976,0.000005,0.006919,0.0,0.0,0.0,0.0,0.0,600.000061
2025-02-07 15:14:56.717,0.011111,-6088.706978,-1696.99461,-7.693002,-0.999976,0.000005,0.006919,0.0,0.0,0.0,0.0,0.0,600.000061
2025-02-07 15:14:56.729,0.011111,-6088.706978,-1696.99461,-7.693002,-0.999976,0.000005,0.006919,0.0,0.0,0.0,0.0,0.0,600.000061
2025-02-07 15:14:56.740,0.011111,-6088.706978,-1696.99461,-7.693002,-0.999976,0.000005,0.006919,0.0,0.0,0.0,0.0,0.0,600.000061
2025-02-07 15:14:56.751,0.011111,-6088.706978,-1696.99461,-7.693002,-0.999976,0.000005,0.006919,0.0,0.0,0.0,0.0,0.0,600.000061
2025-02-07 15:14:56.761,0.011111,-6088.706978,-1696.99461,-7.693002,-0.999976,0.000005,0.006919,0.0,0.0,0.0,0.0,0.0,600.000061
2025-02-07 15:14:56.772,0.011111,-6088.706978,-1696.99461,-7.693002,-0.999976,0.000005,0.006919,0.0,0.0,0.0,0.0,0.0,600.000061
2025-02-07 15:14:56.784,0.011111,-6088.706978,-1696.99461,-7.693002,-0.999976,0.000005,0.006919,0.0,0.0,0.0,0.0,0.0,600.000061
2025-02-07 15:14:56.795,0.011111,-6088.706978,-1696.99461,-7.693002,-0.999976,0.000005,0.006919,0.0,0.0,0.0,0.0,0.0,600.000061
2025-02-07 15:14:56.806,0.011111,-6088.706978,-1696.99461,-7.693002,-0.999976,0.000005,0.006919,0.0,0.0,0.0,0.0,0.0,600.000061
2025-02-07 15:14:56.817,0.011111,-6088.706978,-1696.99461,-7.693002,-0.999976,0.000005,0.006919,0.0,0.0,0.0,0.0,0.0,600.000061
2025-02-07 15:14:56.828,0.011111,-6088.706978,-1696.99461,-7.693002,-0.999976,0.000005,0.006919,0.0,0.0,0.0,0.0,0.0,600.000061
2025-02-07 15:14:56.839,0.011111,-6088.706978,-1696.99461,-7.693002,-0.999976,0.000005,0.006919,0.0,0.0,0.0,0.0,0.0,600.000061
2025-02-07 15:14:56.850,0.011111,-6088.706978,-1696.99461,-7.693002,-0.999976,0.000005,0.006919,0.0,0.0,0.0,0.0,0.0,600.000061
2025-02-07 15:14:56.862,0.011111,-6088.706978,-1696.99461,-7.693002,-0.999976,0.000005,0.006919,0.0,0.0,0.0,0.0,0.0,600.000061
2025-02-07 15:14:56.873,0.011111,-6088.706978,-1696.99461,-7.693002,-0.999976,0.000005,0.006919,0.0,0.0,0.0,0.0,0.0,600.000061
2025-02-07 15:14:56.884,0.011111,-6088.706978,-1696.99461,-7.693002,-0.999976,0.000005,0.006919,0.0,0.0,0.0,0.0,0.0,600.000061
2025-02-07 15:14:56.895,0.011111,-6088.706978,-1696.99461,-7.693002,-0.999976,0.000005,0.006919,0.0,0.0,0.0,0.0,0.0,600.000061
2025-02-07 15:14:56.906,0.011111,-6088.706978,-1696.99461,-7.693002,-0.999976,0.000005,0.006919,0.0,0.0,0.0,0.0,0.0,600.000061
2025-02-07 15:14:56.917,0.011111,-6088.706978,-1696.99461,-7.693002,-0.999976,0.000005,0.006919,0.0,0.0,0.0,0.0,0.0,600.000061
2025-02-07 15:14:56.928,0.011111,-6088.706978,-1696.99461,-7.693002,-0.999976,0.000005,0.006919,0.0,0.0,0.0,0.0,0.0,600.000061
2025-02-07 15:14:56.939,0.011111,-6088.706978,-1696.99461,-7.693002,-0.999976,0.000005,0.006919,0.0,0.0,0.0,0.0,0.0,600.000061
2025-02-07 15:14:56.950,0.011111,-6088.706978,-1696.99461,-7.693002,-0.999976,0.000005,0.006919,0.0,0.0,0.0,0.0,0.0,600.000061
2025-02-07 15:14:56.961,0.011111,-6088.706978,-1696.99461,-7.693002,-0.999976,0.000005,0.006919,0.0,0.0,0.0,0.0,0.0,600.000061
2025-02-07 15:14:56.972,0.011111,-6088.706978,-1696.99461,-7.693002,-0.999976,0.000005,0.006919,0.0,0.0,0.0,0.0,0.0,600.000061
2025-02-07 15:14:56.983,0.011111,-6088.706978,-1696.99461,-7.693002,-0.999976,0.000005,0.006919,0.0,0.0,0.0,0.0,0.0,600.000061
2025-02-07 15:14:56.994,0.011111,-6088.706978,-1696.99461,-7.693002,-0.999976,0.000005,0.006919,0.0,0.0,0.0,0.0,0.0,600.000061
2025-02-07 15:14:57.006,0.011111,-6088.706978,-1696.99461,-7.693002,-0.999976,0.000005,0.006919,0.0,0.0,0.0,0.0,0.0,600.000061
2025-02-07 15:14:57.018,0.011111,-6088.706978,-1696.99461,-7.693002,-0.999976,0.000005,0.006919,0.0,0.0,0.0,0.0,0.0,600.000061
2025-02-07 15:14:57.029,0.011111,-6088.706978,-1696.99461,-7.693002,-0.999976,0.000005,0.006919,0.0,0.0,0.0,0.0,0.0,600.000061
2025-02-07 15:14:57.040,0.011111,-6088.706978,-1696.99461,-7.693002,-0.999976,0.000005,0.006919,0.0,0.0,0.0,0.0,0.0,600.000061
2025-02-07 15:14:57.050,0.011111,-6088.706978,-1696.99461,-7.693002,-0.999976,0.000005,0.006919,0.0,0.0,0.0,0.0,0.0,600.000061
2025-02-07 15:14:57.061,0.011111,-6088.706978,-1696.99461,-7.693002,-0.999976,0.000005,0.006919,0.0,0.0,0.0,0.0,0.0,600.000061
2025-02-07 15:14:57.072,0.011111,-6088.706978,-1696.99461,-7.693002,-0.999976,0.000005,0.006919,0.0,0.0,0.0,0.0,0.0,600.000061
2025-02-07 15:14:57.084,0.011111,-6088.706978,-1696.99461,-7.693002,-0.999976,0.000005,0.006919,0.0,0.0,0.0,0.0,0.0,600.000061
2025-02-07 15:14:57.095,0.011111,-6088.706978,-1696.99461,-7.693002,-0.999976,0.000005,0.006919,0.0,0.0,0.0,0.0,0.0,600.000061
2025-02-07 15:14:57.106,0.011111,-6088.706978,-1696.99461,-7.693002,-0.999976,0.000005,0.006919,0.0,0.0,0.0,0.0,0.0,600.000061
2025-02-07 15:14:57.117,0.011111,-6088.706978,-1696.99461,-7.693002,-0.999976,0.000005,0.006919,0.0,0.0,0.0,0.0,0.0,600.000061
2025-02-07 15:14:57.128,0.011111,-6088.706978,-1696.99461,-7.693002,-0.999976,0.000005,0.006919,0.0,0.0,0.0,0.0,0.0,600.000061
2025-02-07 15:14:57.139,0.011111,-6088.706978,-1696.99461,-7.693002,-0.999976,0.000005,0.006919,0.0,0.0,0.0,0.0,0.0,600.000061
2025-02-07 15:14:57.150,0.011111,-6088.706978,-1696.99461,-7.693002,-0.999976,0.000005,0.006919,0.0,0.0,0.0,0.0,0.0,600.000061
2025-02-07 15:14:57.161,0.011111,-6088.706978,-1696.99461,-7.693002,-0.999976,0.000005,0.006919,0.0,0.0,0.0,0.0,0.0,600.000061
2025-02-07 15:14:57.173,0.011111,-6088.706978,-1696.99461,-7.693002,-0.999976,0.000005,0.006919,0.0,0.0,0.0,0.0,0.0,600.000061
2025-02-07 15:14:57.184,0.011111,-6088.706978,-1696.99461,-7.693002,-0.999976,0.000005,0.006919,0.0,0.0,0.0,0.0,0.0,600.000061
2025-02-07 15:14:57.195,0.011111,-6088.706978,-1696.99461,-7.693002,-0.999976,0.000005,0.006919,0.0,0.0,0.0,0.0,0.0,600.000061
2025-02-07 15:14:57.206,0.011111,-6088.706978,-1696.99461,-7.693002,-0.999976,0.000005,0.006919,0.0,0.0,0.0,0.0,0.0,600.000061
2025-02-07 15:14:57.217,0.011111,-6088.706978,-1696.99461,-7.693002,-0.999976,0.000005,0.006919,0.0,0.0,0.0,0.0,0.0,600.000061
2025-02-07 15:14:57.228,0.011111,-6088.706978,-1696.99461,-7.693002,-0.999976,0.000005,0.006919,0.0,0.0,0.0,0.0,0.0,600.000061
2025-02-07 15:14:57.239,0.011111,-6088.706978,-1696.99461,-7.693002,-0.999976,0.000005,0.006919,0.0,0.0,0.0,0.0,0.0,600.000061
2025-02-07 15:14:57.250,0.011111,-6088.706978,-1696.99461,-7.693002,-0.999976,0.000005,0.006919,0.0,0.0,0.0,0.0,0.0,600.000061
2025-02-07 15:14:57.261,0.011111,-6088.706978,-1696.99461,-7.693002,-0.999976,0.000005,0.006919,0.0,0.0,0.0,0.0,0.0,600.000061
2025-02-07 15:14:57.273,0.011111,-6088.706978,-1696.99461,-7.693002,-0.999976,0.000005,0.006919,0.0,0.0,0.0,0.0,0.0,600.000061
2025-02-07 15:14:57.284,0.011111,-6088.706978,-1696.99461,-7.693002,-0.999976,0.000005,0.006919,0.0,0.0,0.0,0.0,0.0,600.000061
2025-02-07 15:14:57.295,0.011111,-6088.706978,-1696.99461,-7.693002,-0.999976,0.000005,0.006919,0.0,0.0,0.0,0.0,0.0,600.000061
2025-02-07 15:14:57.306,0.011111,-6088.706978,-1696.99461,-7.693002,-0.999976,0.000005,0.006919,0.0,0.0,0.0,0.0,0.0,600.000061
2025-02-07 15:14:57.317,0.011111,-6088.706978,-1696.99461,-7.693002,-0.999976,0.000005,0.006919,0.0,0.0,0.0,0.0,0.0,600.000061
2025-02-07 15:14:57.328,0.011111,-6088.706978,-1696.99461,-7.693002,-0.999976,0.000005,0.006919,0.0,0.0,0.0,0.0,0.0,600.000061
2025-02-07 15:14:57.339,0.011111,-6088.706978,-1696.99461,-7.693002,-0.999976,0.000005,0.006919,0.0,0.0,0.0,0.0,0.0,600.000061
2025-02-07 15:14:57.350,0.011111,-6088.706978,-1696.99461,-7.693002,-0.999976,0.000005,0.006919,0.0,0.0,0.0,0.0,0.0,600.000061
2025-02-07 15:14:57.361,0.011111,-6088.706978,-1696.99461,-7.693002,-0.999976,0.000005,0.006919,0.0,0.0,0.0,0.0,0.0,600.000061
2025-02-07 15:14:57.373,0.011111,-6088.706978,-1696.99461,-7.693002,-0.999976,0.000005,0.006919,0.0,0.0,0.0,0.0,0.0,600.000061
2025-02-07 15:14:57.384,0.011111,-6088.706978,-1696.99461,-7.693002,-0.999976,0.000005,0.006919,0.0,0.0,0.0,0.0,0.0,600.000061
2025-02-07 15:14:57.395,0.011111,-6088.706978,-1696.99461,-7.693002,-0.999976,0.000005,0.006919,0.0,0.0,0.0,0.0,0.0,600.000061
2025-02-07 15:14:57.406,0.011111,-6088.706978,-1696.99461,-7.693002,-0.999976,0.000005,0.006919,0.0,0.0,0.0,0.0,0.0,600.000061
2025-02-07 15:14:57.417,0.011111,-6088.706978,-1696.99461,-7.693002,-0.999976,0.000005,0.006919,0.0,0.0,0.0,0.0,0.0,600.000061
2025-02-07 15:14:57.428,0.011111,-6088.706978,-1696.99461,-7.693002,-0.999976,0.000005,0.006919,0.0,0.0,0.0,0.0,0.0,600.000061
2025-02-07 15:14:57.439,0.011111,-6088.706978,-1696.99461,-7.693002,-0.999976,0.000005,0.006919,0.0,0.0,0.0,0.0,0.0,600.000061
2025-02-07 15:14:57.450,0.011111,-6088.706978,-1696.99461,-7.693002,-0.999976,0.000005,0.006919,0.0,0.0,0.0,0.0,0.0,600.000061
2025-02-07 15:14:57.461,0.011111,-6088.706978,-1696.99461,-7.693002,-0.999976,0.000005,0.006919,0.0,0.0,0.0,0.0,0.0,600.000061
2025-02-07 15:14:57.473,0.011111,-6088.706978,-1696.99461,-7.693002,-0.999976,0.000005,0.006919,0.0,0.0,0.0,0.0,0.0,600.000061
2025-02-07 15:14:57.484,0.011111,-6088.706978,-1696.99461,-7.693002,-0.999976,0.000005,0.006919,0.0,0.0,0.0,0.0,0.0,600.000061
2025-02-07 15:14:57.495,0.011111,-6088.706978,-1696.99461,-7.693002,-0.999976,0.000005,0.006919,0.0,0.0,0.0,0.0,0.0,600.000061
2025-02-07 15:14:57.506,0.011111,-6088.706978,-1696.99461,-7.693002,-0.999976,0.000005,0.006919,0.0,0.0,0.0,0.0,0.0,600.000061
2025-02-07 15:14:57.517,0.011111,-6088.706978,-1696.99461,-7.693002,-0.999976,0.000005,0.006919,0.0,0.0,0.0,0.0,0.0,600.000061
2025-02-07 15:14:57.528,0.011111,-6088.706978,-1696.99461,-7.693002,-0.999976,0.000005,0.006919,0.0,0.0,0.0,0.0,0.0,600.000061
2025-02-07 15:14:57.540,0.011111,-6088.706978,-1696.99461,-7.693002,-0.999976,0.000005,0.006919,0.0,0.0,0.0,0.0,0.0,600.000061
2025-02-07 15:14:57.551,0.011111,-6088.706978,-1696.99461,-7.693002,-0.999976,0.000005,0.006919,0.0,0.0,0.0,0.0,0.0,600.000061
2025-02-07 15:14:57.562,0.011111,-6088.706978,-1696.99461,-7.693002,-0.999976,0.000005,0.006919,0.0,0.0,0.0,0.0,0.0,600.000061
2025-02-07 15:14:57.573,0.011111,-6088.706978,-1696.99461,-7.693002,-0.999976,0.000005,0.006919,0.0,0.0,0.0,0.0,0.0,600.000061
2025-02-07 15:14:57.584,0.011111,-6088.706978,-1696.99461,-7.693002,-0.999976,0.000005,0.006919,0.0,0.0,0.0,0.0,0.0,600.000061
2025-02-07 15:14:57.595,0.011111,-6088.706978,-1696.99461,-7.693002,-0.999976,0.000005,0.006919,0.0,0.0,0.0,0.0,0.0,600.000061
2025-02-07 15:14:57.606,0.011111,-6088.706978,-1696.99461,-7.693002,-0.999976,0.000005,0.006919,0.0,0.0,0.0,0.0,0.0,600.000061
2025-02-07 15:14:57.617,0.011111,-6088.706978,-1696.99461,-7.693002,-0.999976,0.000005,0.006919,0.0,0.0,0.0,0.0,0.0,600.000061
2025-02-07 15:14:57.628,0.011111,-6088.706978,-1696.99461,-7.693002,-0.999976,0.000005,0.006919,0.0,0.0,0.0,0.0,0.0,600.000061
2025-02-07 15:14:57.639,0.011111,-6088.706978,-1696.99461,-7.693002,-0.999976,0.000005,0.006919,0.0,0.0,0.0,0.0,0.0,600.000061
2025-02-07 15:14:57.651,0.011111,-6088.706978,-1696.99461,-7.693002,-0.999976,0.000005,0.006919,0.0,0.0,0.0,0.0,0.0,600.000061
2025-02-07 15:14:57.662,0.011111,-6088.706978,-1696.99461,-7.693002,-0.999976,0.000005,0.006919,0.0,0.0,0.0,0.0,0.0,600.000061
2025-02-07 15:14:57.673,0.011111,-6088.706978,-1696.99461,-7.693002,-0.999976,0.000005,0.006919,0.0,0.0,0.0,0.0,0.0,600.000061
2025-02-07 15:14:57.684,0.011111,-6088.706978,-1696.99461,-7.693002,-0.999976,0.000005,0.006919,0.0,0.0,0.0,0.0,0.0,600.000061
2025-02-07 15:14:57.695,0.011111,-6088.706978,-1696.99461,-7.693002,-0.999976,0.000005,0.006919,0.0,0.0,0.0,0.0,0.0,600.000061
2025-02-07 15:14:57.706,0.011111,-6088.706978,-1696.99461,-7.693002,-0.999976,0.000005,0.006919,0.0,0.0,0.0,0.0,0.0,600.000061
2025-02-07 15:14:57.717,0.011111,-6088.706978,-1696.99461,-7.693002,-0.999976,0.000005,0.006919,0.0,0.0,0.0,0.0,0.0,600.000061
2025-02-07 15:14:57.728,0.011111,-6088.706978,-1696.99461,-7.693002,-0.999976,0.000005,0.006919,0.0,0.0,0.0,0.0,0.0,600.000061
2025-02-07 15:14:57.739,0.011111,-6088.706978,-1696.99461,-7.693002,-0.999976,0.000005,0.006919,0.0,0.0,0.0,0.0,0.0,600.000061
2025-02-07 15:14:57.750,0.011111,-6088.706978,-1696.99461,-7.693002,-0.999976,0.000005,0.006919,0.0,0.0,0.0,0.0,0.0,600.000061
2025-02-07 15:14:57.761,0.011111,-6088.706978,-1696.99461,-7.693002,-0.999976,0.000005,0.006919,0.0,0.0,0.0,0.0,0.0,600.000061
2025-02-07 15:14:57.773,0.011111,-6088.706978,-1696.99461,-7.693002,-0.999976,0.000005,0.006919,0.0,0.0,0.0,0.0,0.0,600.000061
2025-02-07 15:14:57.784,0.011111,-6088.706978,-1696.99461,-7.693002,-0.999976,0.000005,0.006919,0.0,0.0,0.0,0.0,0.0,600.000061
2025-02-07 15:14:57.795,0.011111,-6088.706978,-1696.99461,-7.693002,-0.999976,0.000005,0.006919,0.0,0.0,0.0,0.0,0.0,600.000061
2025-02-07 15:14:57.807,0.011111,-6088.706978,-1696.99461,-7.693002,-0.999976,0.000005,0.006919,0.0,0.0,0.0,0.0,0.0,600.000061
2025-02-07 15:14:57.818,0.011111,-6088.706978,-1696.99461,-7.693002,-0.999976,0.000005,0.006919,0.0,0.0,0.0,0.0,0.0,600.000061
2025-02-07 15:14:57.829,0.011111,-6088.706978,-1696.99461,-7.693002,-0.999976,0.000005,0.006919,0.0,0.0,0.0,0.0,0.0,600.000061
2025-02-07 15:14:57.840,0.011111,-6088.706978,-1696.99461,-7.693002,-0.999976,0.000005,0.006919,0.0,0.0,0.0,0.0,0.0,600.000061
2025-02-07 15:14:57.851,0.011111,-6088.706978,-1696.99461,-7.693002,-0.999976,0.000005,0.006919,0.0,0.0,0.0,0.0,0.0,600.000061
2025-02-07 15:14:57.862,0.011111,-6088.706978,-1696.99461,-7.693002,-0.999976,0.000005,0.006919,0.0,0.0,0.0,0.0,0.0,600.000061
2025-02-07 15:14:57.873,0.011111,-6088.706978,-1696.99461,-7.693002,-0.999976,0.000005,0.006919,0.0,0.0,0.0,0.0,0.0,600.000061
2025-02-07 15:14:57.884,0.011111,-6088.706978,-1696.99461,-7.693002,-0.999976,0.000005,0.006919,0.0,0.0,0.0,0.0,0.0,600.000061
2025-02-07 15:14:57.896,0.011111,-6088.706978,-1696.99461,-7.693002,-0.999976,0.000005,0.006919,0.0,0.0,0.0,0.0,0.0,600.000061
2025-02-07 15:14:57.907,0.011111,-6088.706978,-1696.99461,-7.693002,-0.999976,0.000005,0.006919,0.0,0.0,0.0,0.0,0.0,600.000061
2025-02-07 15:14:57.918,0.011111,-6088.706978,-1696.99461,-7.693002,-0.999976,0.000005,0.006919,0.0,0.0,0.0,0.0,0.0,600.000061
2025-02-07 15:14:57.929,0.011111,-6088.706978,-1696.99461,-7.693002,-0.999976,0.000005,0.006919,0.0,0.0,0.0,0.0,0.0,600.000061
2025-02-07 15:14:57.940,0.011111,-6088.706978,-1696.99461,-7.693002,-0.999976,0.000005,0.006919,0.0,0.0,0.0,0.0,0.0,600.000061
2025-02-07 15:14:57.951,0.011111,-6088.706978,-1696.99461,-7.693002,-0.999976,0.000005,0.006919,0.0,0.0,0.0,0.0,0.0,600.000061
2025-02-07 15:14:57.962,0.011111,-6088.706978,-1696.99461,-7.693002,-0.999976,0.000005,0.006919,0.0,0.0,0.0,0.0,0.0,600.000061
2025-02-07 15:14:57.973,0.011111,-6088.706978,-1696.99461,-7.693002,-0.999976,0.000005,0.006919,0.0,0.0,0.0,0.0,0.0,600.000061
2025-02-07 15:14:57.984,0.011111,-6088.706978,-1696.99461,-7.693002,-0.999976,0.000005,0.006919,0.0,0.0,0.0,0.0,0.0,600.000061
2025-02-07 15:14:57.995,0.011111,-6088.706978,-1696.99461,-7.693002,-0.999976,0.000005,0.006919,0.0,0.0,0.0,0.0,0.0,600.000061
2025-02-07 15:14:58.006,0.011111,-6088.706978,-1696.99461,-7.693002,-0.999976,0.000005,0.006919,0.0,0.0,0.0,0.0,0.0,600.000061
2025-02-07 15:14:58.017,0.011111,-6088.706978,-1696.99461,-7.693002,-0.999976,0.000005,0.006919,0.0,0.0,0.0,0.0,0.0,600.000061
2025-02-07 15:14:58.028,0.011111,-6088.706978,-1696.99461,-7.693002,-0.999976,0.000005,0.006919,0.0,0.0,0.0,0.0,0.0,600.000061
2025-02-07 15:14:58.039,0.011111,-6088.706978,-1696.99461,-7.693002,-0.999976,0.000005,0.006919,0.0,0.0,0.0,0.0,0.0,600.000061
2025-02-07 15:14:58.050,0.011111,-6088.706978,-1696.99461,-7.693002,-0.999976,0.000005,0.006919,0.0,0.0,0.0,0.0,0.0,600.000061
2025-02-07 15:14:58.061,0.011111,-6088.706978,-1696.99461,-7.693002,-0.999976,0.000005,0.006919,0.0,0.0,0.0,0.0,0.0,600.000061
2025-02-07 15:14:58.072,0.011111,-6088.706978,-1696.99461,-7.693002,-0.999976,0.000005,0.006919,0.0,0.0,0.0,0.0,0.0,600.000061
2025-02-07 15:14:58.083,0.011111,-6088.706978,-1696.99461,-7.693002,-0.999976,0.000005,0.006919,0.0,0.0,0.0,0.0,0.0,600.000061
2025-02-07 15:14:58.095,0.011111,-6088.706978,-1696.99461,-7.693002,-0.999976,0.000005,0.006919,0.0,0.0,0.0,0.0,0.0,600.000061
2025-02-07 15:14:58.107,0.011111,-6088.706978,-1696.99461,-7.693002,-0.999976,0.000005,0.006919,0.0,0.0,0.0,0.0,0.0,600.000061
2025-02-07 15:14:58.118,0.011111,-6088.706978,-1696.99461,-7.693002,-0.999976,0.000005,0.006919,0.0,0.0,0.0,0.0,0.0,600.000061
2025-02-07 15:14:58.129,0.011111,-6088.706978,-1696.99461,-7.693002,-0.999976,0.000005,0.006919,0.0,0.0,0.0,0.0,0.0,600.000061
2025-02-07 15:14:58.140,0.011111,-6088.706978,-1696.99461,-7.693002,-0.999976,0.000005,0.006919,0.0,0.0,0.0,0.0,0.0,600.000061
2025-02-07 15:14:58.151,0.011111,-6088.706978,-1696.99461,-7.693002,-0.999976,0.000005,0.006919,0.0,0.0,0.0,0.0,0.0,600.000061
2025-02-07 15:14:58.162,0.011111,-6088.706978,-1696.99461,-7.693002,-0.999976,0.000005,0.006919,0.0,0.0,0.0,0.0,0.0,600.000061
2025-02-07 15:14:58.173,0.011111,-6088.706978,-1696.99461,-7.693002,-0.999976,0.000005,0.006919,0.0,0.0,0.0,0.0,0.0,600.000061
2025-02-07 15:14:58.184,0.011111,-6088.706978,-1696.99461,-7.693002,-0.999976,0.000005,0.006919,0.0,0.0,0.0,0.0,0.0,600.000061
2025-02-07 15:14:58.195,0.011111,-6088.706978,-1696.99461,-7.693002,-0.999976,0.000005,0.006919,0.0,0.0,0.0,0.0,0.0,600.000061
2025-02-07 15:14:58.206,0.011111,-6088.706978,-1696.99461,-7.693002,-0.999976,0.000005,0.006919,0.0,0.0,0.0,0.0,0.0,600.000061
2025-02-07 15:14:58.217,0.011111,-6088.706978,-1696.99461,-7.693002,-0.999976,0.000005,0.006919,0.0,0.0,0.0,0.0,0.0,600.000061
2025-02-07 15:14:58.228,0.011111,-6088.706978,-1696.99461,-7.693002,-0.999976,0.000005,0.006919,0.0,0.0,0.0,0.0,0.0,600.000061
2025-02-07 15:14:58.239,0.011111,-6088.706978,-1696.99461,-7.693002,-0.999976,0.000005,0.006919,0.0,0.0,0.0,0.0,0.0,600.000061
2025-02-07 15:14:58.250,0.011111,-6088.706978,-1696.99461,-7.693002,-0.999976,0.000005,0.006919,0.0,0.0,0.0,0.0,0.0,600.000061
2025-02-07 15:14:58.261,0.011111,-6088.706978,-1696.99461,-7.693002,-0.999976,0.000005,0.006919,0.0,0.0,0.0,0.0,0.0,600.000061
2025-02-07 15:14:58.273,0.011111,-6088.706978,-1696.99461,-7.693002,-0.999976,0.000005,0.006919,0.0,0.0,0.0,0.0,0.0,600.000061
2025-02-07 15:14:58.284,0.011111,-6088.706978,-1696.99461,-7.693002,-0.999976,0.000005,0.006919,0.0,0.0,0.0,0.0,0.0,600.000061
2025-02-07 15:14:58.295,0.011111,-6088.706978,-1696.99461,-7.693002,-0.999976,0.000005,0.006919,0.0,0.0,0.0,0.0,0.0,600.000061
2025-02-07 15:14:58.306,0.011111,-6088.706978,-1696.99461,-7.693002,-0.999976,0.000005,0.006919,0.0,0.0,0.0,0.0,0.0,600.000061
2025-02-07 15:14:58.317,0.011111,-6088.706978,-1696.99461,-7.693002,-0.999976,0.000005,0.006919,0.0,0.0,0.0,0.0,0.0,600.000061
2025-02-07 15:14:58.328,0.011111,-6088.706978,-1696.99461,-7.693002,-0.999976,0.000005,0.006919,0.0,0.0,0.0,0.0,0.0,600.000061
2025-02-07 15:14:58.339,0.011111,-6088.706978,-1696.99461,-7.693002,-0.999976,0.000005,0.006919,0.0,0.0,0.0,0.0,0.0,600.000061
2025-02-07 15:14:58.350,0.011111,-6088.706978,-1696.99461,-7.693002,-0.999976,0.000005,0.006919,0.0,0.0,0.0,0.0,0.0,600.000061
2025-02-07 15:14:58.361,0.011111,-6088.706978,-1696.99461,-7.693002,-0.999976,0.000005,0.006919,0.0,0.0,0.0,0.0,0.0,600.000061
2025-02-07 15:14:58.372,0.011111,-6088.706978,-1696.99461,-7.693002,-0.999976,0.000005,0.006919,0.0,0.0,0.0,0.0,0.0,600.000061
2025-02-07 15:14:58.384,0.011111,-6088.706978,-1696.99461,-7.693002,-0.999976,0.000005,0.006919,0.0,0.0,0.0,0.0,0.0,600.000061
2025-02-07 15:14:58.396,0.011111,-6088.706978,-1696.99461,-7.693002,-0.999976,0.000005,0.006919,0.0,0.0,0.0,0.0,0.0,600.000061
2025-02-07 15:14:58.407,0.011111,-6088.706978,-1696.99461,-7.693002,-0.999976,0.000005,0.006919,0.0,0.0,0.0,0.0,0.0,600.000061
2025-02-07 15:14:58.418,0.011111,-6088.706978,-1696.99461,-7.693002,-0.999976,0.000005,0.006919,0.0,0.0,0.0,0.0,0.0,600.000061
2025-02-07 15:14:58.429,0.011111,-6088.706978,-1696.99461,-7.693002,-0.999976,0.000005,0.006919,0.0,0.0,0.0,0.0,0.0,600.000061
2025-02-07 15:14:58.440,0.011111,-6088.706978,-1696.99461,-7.693002,-0.999976,0.000005,0.006919,0.0,0.0,0.0,0.0,0.0,600.000061
2025-02-07 15:14:58.451,0.011111,-6088.706978,-1696.99461,-7.693002,-0.999976,0.000005,0.006919,0.0,0.0,0.0,0.0,0.0,600.000061
2025-02-07 15:14:58.462,0.011111,-6088.706978,-1696.99461,-7.693002,-0.999976,0.000005,0.006919,0.0,0.0,0.0,0.0,0.0,600.000061
2025-02-07 15:14:58.473,0.011111,-6088.706978,-1696.99461,-7.693002,-0.999976,0.000005,0.006919,0.0,0.0,0.0,0.0,0.0,600.000061
2025-02-07 15:14:58.484,0.011111,-6088.706978,-1696.99461,-7.693002,-0.999976,0.000005,0.006919,0.0,0.0,0.0,0.0,0.0,600.000061
2025-02-07 15:14:58.495,0.011111,-6088.706978,-1696.99461,-7.693002,-0.999976,0.000005,0.006919,0.0,0.0,0.0,0.0,0.0,600.000061
2025-02-07 15:14:58.506,0.011111,-6088.706978,-1696.99461,-7.693002,-0.999976,0.000005,0.006919,0.0,0.0,0.0,0.0,0.0,600.000061
2025-02-07 15:14:58.517,0.011111,-6088.706978,-1696.99461,-7.693002,-0.999976,0.000005,0.006919,0.0,0.0,0.0,0.0,0.0,600.000061
2025-02-07 15:14:58.529,0.011111,-6088.706978,-1696.99461,-7.693002,-0.999976,0.000005,0.006919,0.0,0.0,0.0,0.0,0.0,600.000061
2025-02-07 15:14:58.540,0.011111,-6088.706978,-1696.99461,-7.693002,-0.999976,0.000005,0.006919,0.0,0.0,0.0,0.0,0.0,600.000061
2025-02-07 15:14:58.551,0.011111,-6088.706978,-1696.99461,-7.693002,-0.999976,0.000005,0.006919,0.0,0.0,0.0,0.0,0.0,600.000061
2025-02-07 15:14:58.562,0.011111,-6088.706978,-1696.99461,-7.693002,-0.999976,0.000005,0.006919,0.0,0.0,0.0,0.0,0.0,600.000061
2025-02-07 15:14:58.573,0.011111,-6088.706978,-1696.99461,-7.693002,-0.999976,0.000005,0.006919,0.0,0.0,0.0,0.0,0.0,600.000061
2025-02-07 15:14:58.584,0.011111,-6088.706978,-1696.99461,-7.693002,-0.999976,0.000005,0.006919,0.0,0.0,0.0,0.0,0.0,600.000061
2025-02-07 15:14:58.595,0.011111,-6088.706978,-1696.99461,-7.693002,-0.999976,0.000005,0.006919,0.0,0.0,0.0,0.0,0.0,600.000061
2025-02-07 15:14:58.606,0.011111,-6088.706978,-1696.99461,-7.693002,-0.999976,0.000005,0.006919,0.0,0.0,0.0,0.0,0.0,600.000061
2025-02-07 15:14:58.618,0.011111,-6088.706978,-1696.99461,-7.693002,-0.999976,0.000005,0.006919,0.0,0.0,0.0,0.0,0.0,600.000061
2025-02-07 15:14:58.629,0.011111,-6088.706978,-1696.99461,-7.693002,-0.999976,0.000005,0.006919,0.0,0.0,0.0,0.0,0.0,600.000061
2025-02-07 15:14:58.640,0.011111,-6088.706978,-1696.99461,-7.693002,-0.999976,0.000005,0.006919,0.0,0.0,0.0,0.0,0.0,600.000061
2025-02-07 15:14:58.651,0.011111,-6088.706978,-1696.99461,-7.693002,-0.999976,0.000005,0.006919,0.0,0.0,0.0,0.0,0.0,600.000061
2025-02-07 15:14:58.662,0.011111,-6088.706978,-1696.99461,-7.693002,-0.999976,0.000005,0.006919,0.0,0.0,0.0,0.0,0.0,600.000061
2025-02-07 15:14:58.674,0.011111,-6088.706978,-1696.99461,-7.693002,-0.999976,0.000005,0.006919,0.0,0.0,0.0,0.0,0.0,600.000061
2025-02-07 15:14:58.685,0.011111,-6088.706978,-1696.99461,-7.693002,-0.999976,0.000005,0.006919,0.0,0.0,0.0,0.0,0.0,600.000061
2025-02-07 15:14:58.695,0.011111,-6088.706978,-1696.99461,-7.693002,-0.999976,0.000005,0.006919,0.0,0.0,0.0,0.0,0.0,600.000061
2025-02-07 15:14:58.707,0.011111,-6088.706978,-1696.99461,-7.693002,-0.999976,0.000005,0.006919,0.0,0.0,0.0,0.0,0.0,600.000061
2025-02-07 15:14:58.718,0.011111,-6088.706978,-1696.99461,-7.693002,-0.999976,0.000005,0.006919,0.0,0.0,0.0,0.0,0.0,600.000061
2025-02-07 15:14:58.729,0.011111,-6088.706978,-1696.99461,-7.693002,-0.999976,0.000005,0.006919,0.0,0.0,0.0,0.0,0.0,600.000061
2025-02-07 15:14:58.740,0.011111,-6088.706978,-1696.99461,-7.693002,-0.999976,0.000005,0.006919,0.0,0.0,0.0,0.0,0.0,600.000061
2025-02-07 15:14:58.751,0.011111,-6088.706978,-1696.99461,-7.693002,-0.999976,0.000005,0.006919,0.0,0.0,0.0,0.0,0.0,600.000061
2025-02-07 15:14:58.762,0.011111,-6088.706978,-1696.99461,-7.693002,-0.999976,0.000005,0.006919,0.0,0.0,0.0,0.0,0.0,600.000061
2025-02-07 15:14:58.773,0.011111,-6088.706978,-1696.99461,-7.693002,-0.999976,0.000005,0.006919,0.0,0.0,0.0,0.0,0.0,600.000061
2025-02-07 15:14:58.784,0.011111,-6088.706978,-1696.99461,-7.693002,-0.999976,0.000005,0.006919,0.0,0.0,0.0,0.0,0.0,600.000061
2025-02-07 15:14:58.796,0.011111,-6088.706978,-1696.99461,-7.693002,-0.999976,0.000005,0.006919,0.0,0.0,0.0,0.0,0.0,600.000061
2025-02-07 15:14:58.807,0.011111,-6088.706978,-1696.99461,-7.693002,-0.999976,0.000005,0.006919,0.0,0.0,0.0,0.0,0.0,600.000061
2025-02-07 15:14:58.818,0.011111,-6088.706978,-1696.99461,-7.693002,-0.999976,0.000005,0.006919,0.0,0.0,0.0,0.0,0.0,600.000061
2025-02-07 15:14:58.829,0.011111,-6088.706978,-1696.99461,-7.693002,-0.999976,0.000005,0.006919,0.0,0.0,0.0,0.0,0.0,600.000061
2025-02-07 15:14:58.840,0.011111,-6088.706978,-1696.99461,-7.693002,-0.999976,0.000005,0.006919,0.0,0.0,0.0,0.0,0.0,600.000061
2025-02-07 15:14:58.851,0.011111,-6088.706978,-1696.99461,-7.693002,-0.999976,0.000005,0.006919,0.0,0.0,0.0,0.0,0.0,600.000061
2025-02-07 15:14:58.862,0.011111,-6088.706978,-1696.99461,-7.693002,-0.999976,0.000005,0.006919,0.0,0.0,0.0,0.0,0.0,600.000061
2025-02-07 15:14:58.873,0.011111,-6088.706978,-1696.99461,-7.693002,-0.999976,0.000005,0.006919,0.0,0.0,0.0,0.0,0.0,600.000061
2025-02-07 15:14:58.884,0.011111,-6088.706978,-1696.99461,-7.693002,-0.999976,0.000005,0.006919,0.0,0.0,0.0,0.0,0.0,600.000061
2025-02-07 15:14:58.895,0.011111,-6088.706978,-1696.99461,-7.693002,-0.999976,0.000005,0.006919,0.0,0.0,0.0,0.0,0.0,600.000061
2025-02-07 15:14:58.906,0.011111,-6088.706978,-1696.99461,-7.693002,-0.999976,0.000005,0.006919,0.0,0.0,0.0,0.0,0.0,600.000061
2025-02-07 15:14:58.917,0.011111,-6088.706978,-1696.99461,-7.693002,-0.999976,0.000005,0.006919,0.0,0.0,0.0,0.0,0.0,600.000061
2025-02-07 15:14:58.928,0.011111,-6088.706978,-1696.99461,-7.693002,-0.999976,0.000005,0.006919,0.0,0.0,0.0,0.0,0.0,600.000061
2025-02-07 15:14:58.939,0.011111,-6088.706978,-1696.99461,-7.693002,-0.999976,0.000005,0.006919,0.0,0.0,0.0,0.0,0.0,600.000061
2025-02-07 15:14:58.950,0.011111,-6088.706978,-1696.99461,-7.693002,-0.999976,0.000005,0.006919,0.0,0.0,0.0,0.0,0.0,600.000061
2025-02-07 15:14:58.962,0.011111,-6088.706978,-1696.99461,-7.693002,-0.999976,0.000005,0.006919,0.0,0.0,0.0,0.0,0.0,600.000061
2025-02-07 15:14:58.973,0.011111,-6088.706978,-1696.99461,-7.693002,-0.999976,0.000005,0.006919,0.0,0.0,0.0,0.0,0.0,600.000061
2025-02-07 15:14:58.984,0.011111,-6088.706978,-1696.99461,-7.693002,-0.999976,0.000005,0.006919,0.0,0.0,0.0,0.0,0.0,600.000061
2025-02-07 15:14:58.996,0.011111,-6088.706978,-1696.99461,-7.693002,-0.999976,0.000005,0.006919,0.0,0.0,0.0,0.0,0.0,600.000061
2025-02-07 15:14:59.007,0.011111,-6088.706978,-1696.99461,-7.693002,-0.999976,0.000005,0.006919,0.0,0.0,0.0,0.0,0.0,600.000061
2025-02-07 15:14:59.018,0.011111,-6088.706978,-1696.99461,-7.693002,-0.999976,0.000005,0.006919,0.0,0.0,0.0,0.0,0.0,600.000061
2025-02-07 15:14:59.029,0.011111,-6088.706978,-1696.99461,-7.693002,-0.999976,0.000005,0.006919,0.0,0.0,0.0,0.0,0.0,600.000061
2025-02-07 15:14:59.040,0.011111,-6088.706978,-1696.99461,-7.693002,-0.999976,0.000005,0.006919,0.0,0.0,0.0,0.0,0.0,600.000061
2025-02-07 15:14:59.051,0.011111,-6088.706978,-1696.99461,-7.693002,-0.999976,0.000005,0.006919,0.0,0.0,0.0,0.0,0.0,600.000061
2025-02-07 15:14:59.062,0.011111,-6088.706978,-1696.99461,-7.693002,-0.999976,0.000005,0.006919,0.0,0.0,0.0,0.0,0.0,600.000061
2025-02-07 15:14:59.073,0.011111,-6088.706978,-1696.99461,-7.693002,-0.999976,0.000005,0.006919,0.0,0.0,0.0,0.0,0.0,600.000061
2025-02-07 15:14:59.084,0.011111,-6088.706978,-1696.99461,-7.693002,-0.999976,0.000005,0.006919,0.0,0.0,0.0,0.0,0.0,600.000061
2025-02-07 15:14:59.095,0.011111,-6088.706978,-1696.99461,-7.693002,-0.999976,0.000005,0.006919,0.0,0.0,0.0,0.0,0.0,600.000061
2025-02-07 15:14:59.106,0.011111,-6088.706978,-1696.99461,-7.693002,-0.999976,0.000005,0.006919,0.0,0.0,0.0,0.0,0.0,600.000061
2025-02-07 15:14:59.117,0.011111,-6088.706978,-1696.99461,-7.693002,-0.999976,0.000005,0.006919,0.0,0.0,0.0,0.0,0.0,600.000061
2025-02-07 15:14:59.128,0.011111,-6088.706978,-1696.99461,-7.693002,-0.999976,0.000005,0.006919,0.0,0.0,0.0,0.0,0.0,600.000061
2025-02-07 15:14:59.140,0.011111,-6088.706978,-1696.99461,-7.693002,-0.999976,0.000005,0.006919,0.0,0.0,0.0,0.0,0.0,600.000061
2025-02-07 15:14:59.151,0.011111,-6088.706978,-1696.99461,-7.693002,-0.999976,0.000005,0.006919,0.0,0.0,0.0,0.0,0.0,600.000061
2025-02-07 15:14:59.162,0.011111,-6088.706978,-1696.99461,-7.693002,-0.999976,0.000005,0.006919,0.0,0.0,0.0,0.0,0.0,600.000061
2025-02-07 15:14:59.173,0.011111,-6088.706978,-1696.99461,-7.693002,-0.999976,0.000005,0.006919,0.0,0.0,0.0,0.0,0.0,600.000061
2025-02-07 15:14:59.184,0.011111,-6088.706978,-1696.99461,-7.693002,-0.999976,0.000005,0.006919,0.0,0.0,0.0,0.0,0.0,600.000061
2025-02-07 15:14:59.195,0.011111,-6088.706978,-1696.99461,-7.693002,-0.999976,0.000005,0.006919,0.0,0.0,0.0,0.0,0.0,600.000061
2025-02-07 15:14:59.206,0.011111,-6088.706978,-1696.99461,-7.693002,-0.999976,0.000005,0.006919,0.0,0.0,0.0,0.0,0.0,600.000061
2025-02-07 15:14:59.218,0.011111,-6088.706978,-1696.99461,-7.693002,-0.999976,0.000005,0.006919,0.0,0.0,0.0,0.0,0.0,600.000061
2025-02-07 15:14:59.229,0.011111,-6088.706978,-1696.99461,-7.693002,-0.999976,0.000005,0.006919,0.0,0.0,0.0,0.0,0.0,600.000061
2025-02-07 15:14:59.239,0.011111,-6088.706978,-1696.99461,-7.693002,-0.999976,0.000005,0.006919,0.0,0.0,0.0,0.0,0.0,600.000061
2025-02-07 15:14:59.250,0.011111,-6088.706978,-1696.99461,-7.693002,-0.999976,0.000005,0.006919,0.0,0.0,0.0,0.0,0.0,600.000061
2025-02-07 15:14:59.261,0.011111,-6088.706978,-1696.99461,-7.693002,-0.999976,0.000005,0.006919,0.0,0.0,0.0,0.0,0.0,600.000061
2025-02-07 15:14:59.272,0.011111,-6088.706978,-1696.99461,-7.693002,-0.999976,0.000005,0.006919,0.0,0.0,0.0,0.0,0.0,600.000061
2025-02-07 15:14:59.283,0.011111,-6088.706978,-1696.99461,-7.693002,-0.999976,0.000005,0.006919,0.0,0.0,0.0,0.0,0.0,600.000061
2025-02-07 15:14:59.295,0.011111,-6088.706978,-1696.99461,-7.693002,-0.999976,0.000005,0.006919,0.0,0.0,0.0,0.0,0.0,600.000061
2025-02-07 15:14:59.307,0.011111,-6088.706978,-1696.99461,-7.693002,-0.999976,0.000005,0.006919,0.0,0.0,0.0,0.0,0.0,600.000061
2025-02-07 15:14:59.318,0.011111,-6088.706978,-1696.99461,-7.693002,-0.999976,0.000005,0.006919,0.0,0.0,0.0,0.0,0.0,600.000061
2025-02-07 15:14:59.329,0.011111,-6088.706978,-1696.99461,-7.693002,-0.999976,0.000005,0.006919,0.0,0.0,0.0,0.0,0.0,600.000061
2025-02-07 15:14:59.340,0.011111,-6088.706978,-1696.99461,-7.693002,-0.999976,0.000005,0.006919,0.0,0.0,0.0,0.0,0.0,600.000061
2025-02-07 15:14:59.351,0.011111,-6088.706978,-1696.99461,-7.693002,-0.999976,0.000005,0.006919,0.0,0.0,0.0,0.0,0.0,600.000061
2025-02-07 15:14:59.362,0.011111,-6088.706978,-1696.99461,-7.693002,-0.999976,0.000005,0.006919,0.0,0.0,0.0,0.0,0.0,600.000061
2025-02-07 15:14:59.373,0.011111,-6088.706978,-1696.99461,-7.693002,-0.999976,0.000005,0.006919,0.0,0.0,0.0,0.0,0.0,600.000061
2025-02-07 15:14:59.384,0.011111,-6088.706978,-1696.99461,-7.693002,-0.999976,0.000005,0.006919,0.0,0.0,0.0,0.0,0.0,600.000061
2025-02-07 15:14:59.395,0.011111,-6088.706978,-1696.99461,-7.693002,-0.999976,0.000005,0.006919,0.0,0.0,0.0,0.0,0.0,600.000061
2025-02-07 15:14:59.406,0.011111,-6088.706978,-1696.99461,-7.693002,-0.999976,0.000005,0.006919,0.0,0.0,0.0,0.0,0.0,600.000061
2025-02-07 15:14:59.417,0.011111,-6088.706978,-1696.99461,-7.693002,-0.999976,0.000005,0.006919,0.0,0.0,0.0,0.0,0.0,600.000061
2025-02-07 15:14:59.429,0.011111,-6088.706978,-1696.99461,-7.693002,-0.999976,0.000005,0.006919,0.0,0.0,0.0,0.0,0.0,600.000061
2025-02-07 15:14:59.440,0.011111,-6088.706978,-1696.99461,-7.693002,-0.999976,0.000005,0.006919,0.0,0.0,0.0,0.0,0.0,600.000061
2025-02-07 15:14:59.451,0.011111,-6088.706978,-1696.99461,-7.693002,-0.999976,0.000005,0.006919,0.0,0.0,0.0,0.0,0.0,600.000061
